ncode,tdate,pdate,tenor,pmt
1097708,08/05/2024,31/05/2024,0.0603,4.0110
1097708,08/05/2024,30/05/2025,1.0575,4.0000
1097708,08/05/2024,31/05/2026,2.0603,4.0000
1097708,08/05/2024,31/05/2027,3.0603,4.0000
1097708,08/05/2024,30/05/2028,4.0603,4.0000
1097708,08/05/2024,31/05/2029,5.0630,4.0000
1097708,08/05/2024,31/05/2030,6.0630,4.0000
1097708,08/05/2024,30/05/2031,7.0603,4.0000
1097708,08/05/2024,31/05/2032,8.0658,4.0000
1097708,08/05/2024,31/05/2033,9.0658,4.0000
1097708,08/05/2024,31/05/2034,10.0658,4.0000
1097708,08/05/2024,31/05/2035,11.0658,4.0000
1097708,08/05/2024,30/05/2036,12.0658,104.0000
1120583,08/05/2024,30/08/2024,0.3096,2.7500
1120583,08/05/2024,31/08/2025,1.3123,2.7500
1120583,08/05/2024,31/08/2026,2.3123,2.7500
1120583,08/05/2024,31/08/2027,3.3123,2.7500
1120583,08/05/2024,31/08/2028,4.3151,2.7500
1120583,08/05/2024,31/08/2029,5.3151,2.7500
1120583,08/05/2024,30/08/2030,6.3123,2.7500
1120583,08/05/2024,31/08/2031,7.3151,2.7500
1120583,08/05/2024,31/08/2032,8.3178,2.7500
1120583,08/05/2024,31/08/2033,9.3178,2.7500
1120583,08/05/2024,31/08/2034,10.3178,2.7500
1120583,08/05/2024,31/08/2035,11.3178,2.7500
1120583,08/05/2024,31/08/2036,12.3205,2.7500
1120583,08/05/2024,31/08/2037,13.3205,2.7500
1120583,08/05/2024,31/08/2038,14.3205,2.7500
1120583,08/05/2024,31/08/2039,15.3205,2.7500
1120583,08/05/2024,31/08/2040,16.3233,2.7500
1120583,08/05/2024,30/08/2041,17.3205,102.7500
1135912,08/05/2024,31/10/2024,0.4795,0.7521
1135912,08/05/2024,31/10/2025,1.4795,100.7500
1140847,08/05/2024,31/05/2024,0.0603,0.7521
1140847,08/05/2024,30/05/2025,1.0575,0.7500
1140847,08/05/2024,31/05/2026,2.0603,0.7500
1140847,08/05/2024,31/05/2027,3.0603,100.7500
1157023,08/05/2024,31/05/2024,0.0603,0.5014
1157023,08/05/2024,30/05/2025,1.0575,0.5000
1157023,08/05/2024,31/05/2026,2.0603,0.5000
1157023,08/05/2024,31/05/2027,3.0603,0.5000
1157023,08/05/2024,30/05/2028,4.0603,0.5000
1157023,08/05/2024,31/05/2029,5.0630,100.5000
1168301,08/05/2024,29/11/2024,0.5589,0.5000
1168301,08/05/2024,30/11/2025,1.5616,0.5000
1168301,08/05/2024,30/11/2026,2.5616,0.5000
1168301,08/05/2024,30/11/2027,3.5616,0.5000
1168301,08/05/2024,30/11/2028,4.5644,0.5000
1168301,08/05/2024,30/11/2029,5.5644,0.5000
1168301,08/05/2024,29/11/2030,6.5616,0.5000
1168301,08/05/2024,30/11/2031,7.5644,0.5000
1168301,08/05/2024,30/11/2032,8.5671,0.5000
1168301,08/05/2024,30/11/2033,9.5671,0.5000
1168301,08/05/2024,30/11/2034,10.5671,0.5000
1168301,08/05/2024,30/11/2035,11.5671,0.5000
1168301,08/05/2024,30/11/2036,12.5699,0.5000
1168301,08/05/2024,30/11/2037,13.5699,0.5000
1168301,08/05/2024,30/11/2038,14.5699,0.5000
1168301,08/05/2024,30/11/2039,15.5699,0.5000
1168301,08/05/2024,30/11/2040,16.5726,0.5000
1168301,08/05/2024,29/11/2041,17.5699,0.5000
1168301,08/05/2024,30/11/2042,18.5726,0.5000
1168301,08/05/2024,30/11/2043,19.5726,0.5000
1168301,08/05/2024,30/11/2044,20.5753,0.5000
1168301,08/05/2024,30/11/2045,21.5753,0.5000
1168301,08/05/2024,30/11/2046,22.5753,0.5000
1168301,08/05/2024,29/11/2047,23.5726,0.5000
1168301,08/05/2024,30/11/2048,24.5781,0.5000
1168301,08/05/2024,30/11/2049,25.5781,0.5000
1168301,08/05/2024,30/11/2050,26.5781,0.5000
1168301,08/05/2024,30/11/2051,27.5781,100.5000
1169564,08/05/2024,31/07/2024,0.2274,0.1003
1169564,08/05/2024,31/07/2025,1.2274,0.1000
1169564,08/05/2024,31/07/2026,2.2274,100.1000
1172220,08/05/2024,29/11/2024,0.5589,0.1000
1172220,08/05/2024,30/11/2025,1.5616,0.1000
1172220,08/05/2024,30/11/2026,2.5616,0.1000
1172220,08/05/2024,30/11/2027,3.5616,0.1000
1172220,08/05/2024,30/11/2028,4.5644,0.1000
1172220,08/05/2024,30/11/2029,5.5644,0.1000
1172220,08/05/2024,29/11/2030,6.5616,0.1000
1172220,08/05/2024,30/11/2031,7.5644,100.1000
1197326,08/05/2024,31/10/2024,0.4795,1.1030
1197326,08/05/2024,31/10/2025,1.4795,1.1000
1197326,08/05/2024,30/10/2026,2.4767,1.1000
1197326,08/05/2024,31/10/2027,3.4795,1.1000
1197326,08/05/2024,31/10/2028,4.4822,101.1000
1204379,08/05/2024,31/10/2024,0.4795,1.0521
1204379,08/05/2024,31/10/2025,1.4795,1.6000
1204379,08/05/2024,30/10/2026,2.4767,1.6000
1204379,08/05/2024,31/10/2027,3.4795,1.6000
1204379,08/05/2024,31/10/2028,4.4822,1.6000
1204379,08/05/2024,31/10/2029,5.4822,1.6000
1204379,08/05/2024,31/10/2030,6.4822,1.6000
1204379,08/05/2024,31/10/2031,7.4822,1.6000
1204379,08/05/2024,31/10/2032,8.4849,1.6000
1204379,08/05/2024,31/10/2033,9.4849,101.6000
